{"dirty": true, "events_dirty": true, "last_append_event_id": "51076b2e-f567-484e-bfd4-076e1114d43a", "last_append_created_at": 1780223970.7872162, "last_append_updated_at": 1780223970.7850795, "last_completed_event_id": "51076b2e-f567-484e-bfd4-076e1114d43a", "last_completed_created_at": 1780223970.7872162, "last_completed_updated_at": 1780223970.7850795}